country,1970,1971,1972,1973,1974,1975,1976,1977,1978,1979,1980,1981,1982,1983,1984,1985,1986,1987,1988,1989,1990,1991,1992,1993,1994,1995,1996,1997,1998,1999,2000,2001,2002,2003,2004,2005,2006,2007,2008,2009,2010,2011,2012,2013,2014,2015,2016,2017,2018,2019
Afghanistan,,,,,,,,,,,,,,,,,,,,,,,,,,,,,,,,,,,,,,,,20,15.3,14,12.9,12.5,12.4,12.9,13.3,13.5,13.6,13.7
Angola,,,,,,,,,,,,,,,,,,,,72.7,85.7,84.9,288,327,581,241,181,148,195,223,131,119,66.7,56.6,46.5,37.1,21.4,20.7,20.7,31.8,35.1,33.3,37.6,43.3,41.6,51,59.3,44.4,55.5,60.2
Albania,,,,,,,,,,,,,,,,,,,,,,47.5,103,64.5,46.6,18.8,15,22.4,23.8,23.5,31.3,28.4,26.4,26.8,21.8,25.8,27.5,27,32.9,38.9,46,50.3,60.4,66.5,63.8,73.3,70.6,75.1,65.2,63.7
Argentina,19.4,18.9,20.2,14,10.7,14.9,18.6,20.7,23.4,30.9,35.8,46.6,55.3,47,65.4,61.1,49.7,55.4,48.9,93.3,46.2,35.7,30.6,27.7,29.6,39,41.7,44.7,48.5,55,54.2,58.5,160,133,115,74.2,52.9,43.2,36.8,41.4,31,27.7,26.3,27.9,29.9,30.4,34.7,37.8,56.6,64.6
Armenia,,,,,,,,,,,,,,,,,,,,,,,,11.2,16.4,24.5,31.7,36.8,41.2,53.8,51.7,64.6,69.9,68.8,56.6,38.6,32,31.8,29.2,54.8,64.9,70.6,69.2,73.5,70.5,80.4,91.3,85.7,85,85.5
Azerbaijan,,,,,,,,,,,,,,,,,,,,,,,,0.895,3.41,10.5,13.9,12.9,15.9,28.4,32.1,28.4,28.9,28.4,27.2,19.4,15.3,13.9,10.3,11.2,14.7,12.6,16.6,15.1,16.6,26.1,41.2,39.1,36.3,34.4
Burundi,6.36,5.59,2.93,2.63,2.81,4.7,5.12,8.79,12.5,17.6,18,18.5,22.6,28.7,35.7,40.2,48.3,69.8,75.6,81.1,81.2,83.3,96,115,123,118,132,111,127,145,127,126,152,176,153,117,108,104,86.5,34.4,30.7,27.2,28.7,27.9,25.6,20.2,20.4,19.4,19.4,19.2
Benin,13,15.4,11.6,17.9,19.5,17.6,20.2,28.3,30.6,38.2,33.9,42.2,60.1,73.8,74.7,88.1,79.3,81.1,73.3,73.1,58.3,58.8,73.3,56.9,88.4,65.7,59.5,63,58.7,40.6,40,40.3,38.8,28,26.4,23.8,9.46,11.2,10.3,13.7,16.9,17.5,15.3,16.3,15.5,19.4,19.4,22.4,25.6,27.4
Burkina Faso,4.54,4.9,3.47,4.61,6.32,6.74,8.82,14.8,17.9,17,17.2,18.6,20.2,25,28.2,33,31.5,35,32.5,27.5,26.9,30.9,46.6,48.3,60.3,53.8,50.2,53.3,52.2,,,,,,,,,,,,,,,,,23.2,23.6,22.9,20.9,23.9
Bangladesh,,,,6.14,10,8.64,19.7,24.3,21.3,19.1,20.9,20.4,26.2,29.5,28.5,28.8,35.6,39.2,37.8,36.4,38.1,41.1,41.3,41.5,44.5,40.2,31.8,28.7,30.2,31.1,28.3,26.9,29.3,29.5,29,25.5,26.6,25.4,23.7,22.9,21.3,19.5,19.5,19.4,17.7,17.3,16.4,18,18.2,18
Bulgaria,,,,,,,,,,,,3.93,6.84,10.5,14.7,22.5,29.2,29.7,40.4,47.5,57.3,119,116,114,103,55.9,87.1,101,77.3,87.7,92.9,79.4,73.5,66.4,62.8,61.8,83.5,106,102,111,103,85.9,96.5,95,83.5,82.3,76.7,71.2,60,61.3
Bosnia and Herzegovina,,,,,,,,,,,,,,,,,,,,,,,,,,,,,,44.5,45.8,42.4,44.2,50.4,49.7,59.9,65,71.2,66.1,76.6,81.9,76.3,81.3,80,73.6,84.7,84.6,84.6,79.4,82.9
Belarus,,,,,,,,,,,,,,,,,,,,,,,,5.95,8.73,12.2,13.3,14.8,15.8,22.3,20.7,22.7,23.4,21.2,19.9,17.6,17.8,27.9,25.1,44.1,50.6,56.2,52.6,54.4,52.4,70.9,82.4,75.2,67,66.6
Belize,7.93,7.62,8.03,6.5,5.71,4.56,10.4,18.4,25.7,49,32.2,31,39.4,53.9,47.8,58.3,54.1,49.9,42.1,38.2,35.3,37.2,36,35.9,35.8,42.7,45.8,71.3,50.8,60.1,80.8,90.1,99.1,119,103,104,97.2,96.7,108,105,105,93.5,85.3,85.5,84.6,78.6,77.4,79.6,79.8,80.7
Bolivia,,,,,,,50.4,57.1,61.4,62.1,65.3,60.1,66.1,82.3,76.7,97.9,155,147,115,94.9,94.6,81.6,79.5,79.6,85.6,82.3,73.4,68.7,68.2,69.9,72.1,60.5,66.3,75.4,74.9,76,56.6,40.1,35.3,34.7,30.7,27.1,26,28.3,28.4,31,33,35.6,33.7,35.8
Brazil,14.3,15.9,20.4,19.2,21.5,22.8,22.5,24.5,28.1,28.2,31.7,32.4,35.3,51.7,52.9,49.4,42.8,42.6,37.2,25.6,26.8,20.6,33,33.9,28.5,21.2,22,23.3,29.3,43.1,38.1,42.5,47.2,43.6,34,21.8,18,17.4,15.9,17.3,16.5,15.9,18.3,19.8,23.1,30.7,30.9,26.8,30.4,31.8
Bhutan,,,,,,,,,,,,0.283,0.995,1.46,2.02,6.42,12.7,18.1,26,28.1,29.7,37.8,40.1,45.8,41.7,39.8,40.2,35.8,53.3,55.3,49.9,59.1,75.3,83.6,90.2,83.6,82.8,69.5,58.1,66.5,64,64.4,88.4,93.6,104,108,116,117,115,
Botswana,17.2,25.5,45.2,47,43.3,41.7,44.7,41.1,21.3,15.9,13.4,14.4,19.6,20.1,23.7,33.9,31.7,31.4,21.6,19.5,15,15.3,14.2,14.9,17.4,15.3,13.6,11.8,10.8,9.77,8.32,7.48,10.4,7.57,6.45,5.06,3.9,4.17,4.4,16.4,14.9,16,17.8,16.8,15.8,16,14.8,10.8,10.3,9.23
Central African Republic,12.9,14.3,16.1,20.9,24.6,21,21,26,23.3,22.7,24.3,33.4,34.2,39.8,42,40.1,41.6,52.5,54.1,57.4,49.3,58.3,58.3,69.5,107,86.4,94.5,95.8,96.9,93.2,96.4,90.3,110,93.6,88.9,78.7,72.4,61.1,50.9,26.8,29.5,23.3,22.9,35,34.6,42.6,39.8,35,34.3,36.9
China,,,,,,,,,,,,2.96,4.07,4.15,4.63,5.38,7.89,13,13.6,12.9,15.3,15.7,17,19.4,17.9,16.4,15.2,15.5,14.2,13.8,12.2,14,12.7,12.6,12.7,12.6,11.9,10.6,8.36,8.92,12.3,14.1,13.5,15.6,17,12.1,12.6,13.9,14.2,14.8
Cote d'Ivoire,26.3,33.9,32.4,35.9,35.9,39,40.6,42.4,50.5,55,77.1,103,128,144,135,153,135,148,143,177,187,199,189,197,231,189,174,142,124,113,124,117,108,89.7,89.3,73.1,79.8,73.6,55.6,63.8,48.8,52.4,36.8,33,28.5,25.4,24.4,26.9,28,33.7
Cameroon,14.2,16.1,16.8,17.6,16.5,18,22.5,42.7,37.9,39.7,45.8,38.5,40.8,41.7,38.5,40,39.5,37.8,38.7,49.1,61.5,58,69.9,52.4,93.1,120,112,105,112,100,111,101,94.3,81.4,63.8,44.1,17.9,14.1,10.9,12.5,12.3,10.6,13.6,16.3,16.6,24,24.4,29.1,28.7,33.7
"Congo, Dem. Rep.",,,,,,,,,,,,,,,,,,,,,,,,,240,271,237,217,226,284,63.1,164,119,131,115,93.3,81,77.4,66.6,73.3,29.7,22.3,20.3,20.5,16.7,15.2,13.8,13.8,10.9,11.9
"Congo, Rep.",44.3,44.4,39.1,36.2,45.7,48.4,53.2,79.6,95,95.6,98.9,79.4,96.9,105,99.8,150,186,183,212,209,212,210,185,329,357,489,359,303,345,306,206,245,231,215,216,156,131,91.4,61.6,72.3,30.9,29.1,32.8,36.3,36.2,49.8,47.7,53.2,41.8,53.7
Colombia,33.3,34.5,35,32.9,28.8,30.8,27.5,27.3,23.1,21.9,21.5,24.9,27.7,31,33.5,43.6,46.9,50.1,45.9,45.9,38.2,36.9,31.3,29.8,27.7,27.9,30.7,30.9,34.5,41.1,35.1,38.2,35.2,40.8,33.8,26.4,24.5,22.2,20.1,23.8,23.3,23.8,22.2,25.1,28.3,39.2,43.1,41,40.8,44.2
Comoros,,,,,,,,,,,20.7,27.9,37.4,44.9,56.9,68.6,60,60.4,56.4,51,43.1,42.4,40.7,40.7,61.7,52.3,55.7,60.9,62.2,60.5,66.3,64.1,63.9,53.3,48.3,44.3,42.1,36.1,30.3,31.8,30.7,27,24.9,13.2,12.3,13.5,18.7,18.2,21.6,23.2
Cape Verde,,,,,,,,,,,,28.1,43.3,54.5,59.8,71,60.3,55.1,46.9,46.6,43.3,41.8,39.6,30,43.3,44.2,40.7,42.4,47.8,56.3,60.9,62.1,64,55.2,51.2,50.9,49.3,39.2,35.9,43.4,55.6,58.1,74.9,83.6,87.7,101,96.8,105,92,93.9
Costa Rica,33,34.5,36.4,35,40.3,46.1,46,47.3,52.3,57.5,62,146,171,153,122,124,113,114,108,96.6,70.4,58.8,48.2,42.2,38.4,33.9,30.6,28.2,29.7,30.8,32.9,32.2,32.2,34.5,32.2,33.8,31.9,32.3,29.4,26.3,22.6,25.2,31.8,35.8,40.7,45.1,46.8,46.1,49.5,51.3
Djibouti,,,,,,,,,,,,,,,,,,,,,,42.4,44.2,47.5,50.7,52.9,56.4,51,53.2,49.1,52.5,51.2,59.1,61.5,66.8,66.7,71.5,93.2,82.1,83.9,67,61.6,58,39.2,40.6,47.6,62,78.9,74.5,74
Dominica,,,,,,,,,,,,17.5,22.9,39.9,48.2,50.1,46.3,50.4,45.2,44.5,46.2,46.3,43.1,41.1,39.4,40.1,42.6,36.7,37.1,43.8,62.3,73.9,81.5,97.2,97.3,87.8,72.7,66.1,59.2,57.2,56,57.2,65.2,64,61.2,61.1,53.5,59,51.3,48.2
Dominican Republic,26.4,26.4,23.7,22,21.4,20.3,22.2,26.4,29.5,30.3,32.4,34,33.7,36.1,31.9,75.6,64,72.6,80.6,65.3,66.4,49.1,43.2,40,31.2,28.6,25.2,22.4,21.5,22.7,19.9,21.3,25.1,35.9,37.5,22.7,25.4,25.7,22.9,25.5,26,27.1,37.9,40.1,41.1,39.2,39,40.9,41.6,42.4
Algeria,19.8,25,23,34.6,25.6,30.1,35.1,53.5,62.7,58.7,47.8,43.4,40.8,34.8,30.5,32.4,36.5,37.7,46.1,50.9,47.1,66,59.7,54.5,74.1,83.5,75.8,67.2,66.4,60.8,48.9,42.8,42.2,36.3,27.4,17.4,5.25,4.61,3.68,5.46,4.51,3.06,2.69,2.56,2.64,2.89,3.45,3.46,3.37,3.31
Ecuador,14.2,15.9,17.1,15.2,11,12.9,13.6,23,35.1,33.7,35.4,36.9,41.2,47.3,53.1,54.6,66,81.9,91.5,90.8,86.7,78.9,71.5,78.1,83.2,72.3,72.1,67.6,69.1,104,100,76.6,71.7,64.5,59.3,51.5,45.3,43,31.5,21.8,22.4,20.7,18.8,20.3,24.9,29.1,36.1,40.4,42.9,49.6
Egypt,22.6,24,21.2,20,24.3,42.5,49,84,90.9,87.9,94.7,108,106,104,101,101,107,111,133,116,78.8,86.6,74.1,65.5,62.4,55.3,46.3,37.9,37.8,34.1,29.1,28.8,33.5,36.5,39.6,34.2,28.7,26.3,20.7,18.7,17.1,15.1,14.7,16.5,14,15.2,21.1,36.7,41,39.4
Eritrea,,,,,,,,,,,,,,,,,,,,,,,,,5.46,6.27,6.46,11,19.5,39.3,46.6,57.7,74.8,76.2,69.5,69.5,68.4,68.4,72.9,57.1,66.1,51.5,,,,,,,,
Ethiopia,,,,,,,,,,,,25.2,42.6,45,52.3,55.2,62.6,70.4,71.2,68.9,71.4,68.2,89.7,111,147,136,119,119,134,72.9,67.4,70.2,84,85.1,65.2,49.9,14.6,13.1,10.5,16.5,24.4,27,24.2,26.5,30.6,31.9,31.7,32.3,33.1,29.6
Fiji,5.54,6.28,6.78,11.2,9.8,8.87,9.35,17,12.5,14.1,18.3,22.6,26.1,30.4,27.4,29.7,26.5,31.3,33.9,27.2,24.7,21,17.4,15.6,11.3,9.5,7.89,7.69,8.77,6.98,7.08,6.59,7.46,7.99,7,7.53,10.1,9.76,14,24.2,24,27.8,24.9,23.4,20.8,19.9,19.9,20,19,20.1
Gabon,33.8,40.7,57.1,59.6,37.2,44,43.6,55.5,70,64.5,39.3,32.1,30.3,29.5,27.5,39,61.6,86.2,80,84.8,74.6,87.1,79.2,103,113,102,87.5,92.9,112,97.9,91.6,78.5,72.8,65.8,62.8,46.4,48.9,48.5,18.7,25.5,23.5,20.3,21,30.4,27,38.8,41.3,46.5,42.9,46.4
Georgia,,,,,,,,,,,,,,,,,,,,,,,2.16,21,58.7,48.2,45,40.3,43.3,62.8,59,58.9,59.7,53.7,44.6,33.2,32.5,29.3,60.6,80.9,73.1,73.7,77.4,80.6,81.4,102,113,106,102,102
Ghana,26.4,22.9,28.9,30.9,25.4,25.8,25.9,33.6,35,32,31.6,36.6,36.9,41.4,45,51,49.4,67.1,61.8,66.3,67.2,67.6,71.5,83.5,103,93.7,94.9,93.9,95.1,94,139,132,127,111,83.4,69.2,18.2,17.4,16.6,25.5,26.4,27.3,30.6,26.4,34.4,42,39.2,38.9,36.3,41.1
Guinea,,,,,,,,,,,,,,,,,99.6,108,100,96,97,90.5,82.9,87.4,92.6,88.7,84.6,94.5,101,93.4,104,104,107,98,99.5,126,82.5,58.2,50.6,53.5,51.2,51.6,20.6,23.1,23.9,24.9,25.9,23.2,22.4,22.9
Gambia,9.71,10.1,12.8,12,12.9,11.7,13.6,27.2,29.1,39.7,57.7,81.9,98.8,106,129,97.7,126,130,120,126,127,57.2,58,57.9,58.1,55.3,54.3,54.5,56.4,60,65.1,75.4,107,139,72.4,66.4,69.8,55.8,26.2,37.1,36.2,36.7,39.1,41,43.7,40.4,36.5,45.5,43.6,41.4
Guinea-Bissau,0,0,0,0,0,7.09,15.4,23.7,44.3,59.5,131,97.6,104,122,184,200,288,291,367,297,298,311,358,355,383,379,372,363,504,447,265,240,240,229,214,178,179,158,130,143,133,27.2,29.9,29.1,28.3,33.1,27.8,32.4,37.3,44.2
Grenada,,,,,,,,20.5,22,22.2,19.8,30.7,37.8,46,39.5,36.8,35.9,38.6,39.4,35.6,42.4,42.4,38.5,49.6,41.2,39,40,31.1,40.7,30.3,41,49.2,75.5,68.3,80.5,54.3,67.6,68,68.8,78.6,76.7,71.3,77,72.2,77,68.1,62.5,53.2,52,49.5
Guatemala,10.3,11.3,11.4,11.1,10.4,11.1,10.8,13.7,15,16.5,16.2,16.1,19.2,21.5,26.8,29.2,41.5,41.9,35.3,32.8,39.1,30.8,27.4,26.1,24.6,23,22.1,20,19.2,21.4,20.7,23.5,22.1,23.9,34.4,35.6,37,38.1,36.1,40.3,37.4,35.3,31.2,33.8,34.6,33.6,33.2,34.2,32.7,35.2
Guyana,33.6,59.3,57.7,61.1,53.7,68.3,99.2,124,127,137,150,181,239,299,360,397,399,673,594,648,679,926,727,543,448,395,246,235,224,229,206,201,207,208,181,154,77.4,47.8,51.3,68.7,62.3,78.2,69,77.8,75.4,50.8,47.5,45.6,42.5,38.1
Honduras,22.6,27.7,28.5,29.1,34.4,41.2,34.3,52.3,34.1,37.4,41.3,46.5,48.1,51.9,50.9,56.2,56.7,57.4,60.6,67.5,82.1,79.8,86.2,94.4,108,96.6,97,89.5,82.8,89.3,81.6,70.6,73.4,72.7,74.6,56.1,38.7,25.3,26.5,27.5,26.7,26.4,29.5,40.1,40.6,39,37.7,40.2,41.4,42.1
Haiti,,,,,,,,,,,27.9,34.1,41.8,40,40.7,39.3,33.6,44.7,33.9,31.7,30.5,23.3,37,45.3,35,29.7,31.6,32,28.6,29.4,30.3,35.7,37,46.4,36.4,31.2,29.8,27.2,30,22,14.4,10.3,14.6,18.4,22.1,23.9,27.1,25.6,22.8,26.2
Indonesia,38.1,51.1,54.8,46.4,37,39.5,38.7,37.3,36.5,38,30.2,27.6,28.8,39.1,39.6,44.9,56,72.7,67.4,66.1,69.2,71.6,72.2,58.7,62.6,63.4,58.3,65.1,168,117,93.5,85.9,67.7,59.5,56.3,52.3,39,35.7,32.1,34.5,27,25.3,28.3,29.8,34,37,35.4,36,37.5,37
India,13.6,13.9,14.1,12.9,12.8,14.1,14.2,12.7,12,11.9,11.1,11.6,13.5,14.1,15.5,16.8,18.1,19.3,20.2,25.2,26.4,31.9,30.9,33.2,30.3,26.3,24.1,22.8,23.5,21.9,21.8,20.7,20.7,19.7,17.6,14.9,17.1,16.8,19.1,19.2,17.5,18.5,21.7,23.3,22.7,23,20.3,19.5,19.4,19.7
Iran,,,,,,,,,,,4.73,3.77,6.3,4.45,3.12,3.28,2.7,4.46,4.66,5.3,7.21,,,36.5,30.6,22.3,14.1,10.3,11.1,8.63,8.04,6.52,6.93,9.25,11,9.46,7.69,5.94,3.87,4.47,4.06,2.97,1.24,1.51,1.34,1.67,1.44,1.53,,
Jamaica,73.1,70.1,57,65,59.7,56.6,50.8,54.1,56.9,77.6,78.9,83.4,92.8,105,174,226,172,162,133,115,115,126,143,84.9,91.7,75,57.4,47.4,46.7,47.3,55.9,62.7,61.8,64.8,68.5,62.9,71.9,86.5,79.6,97.6,112,103,98,93,104,103,105,103,110,100
Jordan,18.1,22.1,22.6,22.3,22.1,24.4,25.2,37.5,42.2,42.9,47.3,48.9,55.5,60.8,66.9,80.4,77.3,95.8,99.1,182,211,244,158,142,126,117,110,102,95.9,100,127,128,133,121,111,99.2,89.6,83.7,61.6,58.9,64.3,61,59.7,68.8,67.8,68.6,70.2,74.6,76.5,77.6
Kazakhstan,,,,,,,,,,,,,,,,,,,,,,,,7.39,13.2,18.5,14,18.7,27.8,40.4,75.1,72.8,78,79.5,82.2,85.1,104,105,93.6,107,92.6,75.4,75.3,70.8,79.4,88.7,132,107,99.8,99
Kenya,30.2,28.4,28,35.2,40.1,40.7,44.8,38.3,42.5,45.3,48.1,48.6,54.5,62.7,58.6,70.6,65.8,75.2,72.3,73.3,86,95.8,87.8,132,105,83.8,57.6,49.9,48.9,51.3,48.9,42.8,46.8,45.6,43.4,34.6,26,23.7,21.4,23.1,22.2,24.2,23.7,25.3,27.9,31.3,30.9,33.8,35.5,36.6
Kyrgyz Republic,,,,,,,,,,,,,,,,,,,,,,,0.239,14.4,27.1,37.6,63.6,78.7,96.1,158,150,124,126,116,121,95.1,93.2,76.7,73.5,91.4,91.7,99.2,93.8,98.6,102,120,124,111,102,106
Cambodia,,,,,,,,,,,,,,,,,,,,,,,,,,54.8,56,56.7,65.3,60.4,59.7,56.7,58.4,59.8,56.4,48.8,43.4,26.9,26.6,33.1,37.3,38,50.6,52.2,52.5,55.6,53.5,54.9,59,61.9
Kosovo,,,,,,,,,,,,,,,,,,,,,,,,,,,,,,,,,,,2.31,2.06,2.06,10.9,12,30.1,24.6,24.8,29.9,30.7,29.7,33,31.2,33.9,28.7,30
Lao,,,,,,,,,,,,,,,29.6,26.3,49,107,222,206,204,182,170,150,134,123,121,136,198,179,152,152,187,131,130,123,117,122,109,113,98.2,86.8,77.5,72.5,76,84.7,89.5,92.1,89.8,94
Lebanon,,,,,,,,,,,,,,,,,,,,30.3,51.6,32.6,29.8,16.7,21.4,24.4,28.5,31.7,40.1,48.3,57.3,77.1,95.8,114,112,107,109,101,149,131,126,125,127,133,135,138,138,140,146,139
Liberia,,,,,,,,,,,,,,,,,,,,,,,,,,,,,,,367,405,432,610,529,498,433,310,202,114,23,19.7,19.8,19.2,24.2,29,31.8,37.6,43.5,50
St. Lucia,,,,,,,,,,,,8.47,9.95,10.2,8.5,8.59,9.86,13.1,14.3,14.3,15.2,14.9,16,16.4,17.7,18.8,19.9,21.1,23.2,22.3,26.5,31.9,35.5,37.8,37.9,41.6,30.4,37.4,60.9,31.9,40.1,29,27.3,29,32,32.1,31,32.9,31.7,32
Sri Lanka,20.3,24.1,23.6,24.1,24.3,24.3,30.8,32.4,55.2,46.5,45.5,51,54.6,56.2,51.1,59.5,64.1,71.5,74.8,74.8,73.6,73.7,66.9,66.8,68.4,65.3,60.6,54.3,58.3,64.7,57.8,57.9,62.2,57.3,56.7,46.9,42.5,44.3,41.1,46.9,38.6,39.9,53.2,54.2,54.5,55.9,58.2,59.6,61.5,68.8
Lesotho,9.18,8.79,8.8,5.04,4.24,5.61,5.66,6.85,7.65,10.5,10.4,11.6,17.6,16.7,20.7,34.9,33.6,35,35.4,40.3,41.3,41.4,40.8,46.5,51.6,51.1,55.4,50.9,57.7,57.5,68.1,57.3,63.4,42.6,37.3,30.5,29.3,28.8,29.4,33,26.3,24.7,28.4,31.3,30.8,34.6,37.7,34.4,30.9,33.5
Morocco,25,26.1,23.5,20.8,19.8,29.8,35.4,51.3,53.1,52.5,45.7,61.5,72.7,83.1,96.8,112,94.4,99.3,85.2,87.5,85.4,71.9,69.2,72.2,66.5,62.9,57.5,61.6,57.7,56.4,54.6,48.8,43.5,35.7,28.9,26.3,26.4,26.3,22.8,27,29.7,30.1,35.2,37.3,40.1,44.7,47,47.6,43.6,47.2
Moldova,,,,,,,,,,,,,,,,,,,,,,,,,,40.2,48.4,54.7,61.8,99.3,141,114,108,95.7,71.5,65.3,68.8,69.9,55.9,64.5,63.2,58,55.9,59.7,56.6,74.5,73.2,68.3,62,
Madagascar,43.8,40.9,38.1,30.6,39.5,34.8,8.75,33.2,13.3,22.4,24.2,34.5,41.2,44.7,57.1,68.8,71.7,121,122,115,98.2,126,110,97.2,122,118,86.9,99.4,103,115,104,78.4,86.5,79.5,76.6,61.5,24.4,27.6,23.8,30,28,25.2,26.6,24.4,24.2,27.5,26,26.4,27.7,29.8
Maldives,,,,,,,,,,,,,,,,72.8,57.1,61.4,45.1,38.9,40.2,38.1,38.1,40.6,39.4,40.9,39.3,35.6,37.8,39.3,34.2,27.6,30.9,28.8,28.5,32,36.1,48.6,57.7,66.2,40.3,35.6,36,35.1,33,26.6,30.4,34.8,48.4,51.5
Mexico,20.3,19.8,18.8,19.6,19.9,21.4,27.8,39.4,36.1,32.9,29,30.9,50.1,63.4,54.5,52.1,79.6,77.9,57,44.1,41.4,37.5,31.8,27,27.2,48.1,39.7,30.5,31.2,28.6,22,22.4,20.7,22.1,21.5,19.9,17.8,18.9,18.1,21.8,23.5,25.1,29.7,32.8,34.5,37.4,40.2,39.1,38.1,38.5
North Macedonia,,,,,,,,,,,,,,,,,,,,,,,,39.7,31.4,27.5,39.5,31.8,40.2,37.9,40,40.7,42.4,38.7,50.1,48.5,48.2,52.5,44.3,56.2,55.6,59.5,67.9,63.8,64.9,69.4,73.3,78.7,71.6,73.7
Mali,69.8,63.2,55.3,53.6,65.4,43.4,40.1,44.9,45.7,35.9,41.8,55.2,67,78,102,107,95.4,99,94.3,97.5,92.6,95.5,103,103,131,111,110,119,112,94.8,102,87.2,76.5,67.7,62.5,52.9,24.1,23.6,21.7,22.7,24,23.4,25.6,26.9,24.7,28.8,27.8,28.9,28,30.4
Myanmar,,,,,,,,,,,,,,,,,,,,,,,,,,,,,,,72.8,94.1,99,71.1,73,59.9,51.9,40,28.1,25.7,20.5,18.5,19.6,17.5,16.3,15.6,15.5,16.1,14.5,15.2
Montenegro,,,,,,,,,,,,,,,,,,,,,,,,,,,,,,,,,,,,,31.8,34.9,32.6,56.6,110,121,149,158,141,150,142,145,143,149
Mongolia,,,,,,,,,,,,,,,,,,,,,,,27.5,52.3,51.2,37.2,40.1,51.9,64.6,92.8,84.8,74.7,79.2,97.5,80.4,56.5,44.3,42.1,40.1,68.1,89.7,101,137,162,189,203,240,285,252,256
Mozambique,,,,,,,,,,,,,,,,,,,,,,132,205,201,275,269,187,157,153,128,125,89,103,90.5,83.6,73.5,56.6,53,46.8,52.4,56.2,45.9,46.1,78.2,78.3,92.3,124,126,131,141
Mauritania,8.83,12.1,14.9,21.8,27.6,28,56.8,69.1,87.7,77.6,81.9,91.1,107,115,127,152,156,160,152,142,146,106,100,122,121,118,114,119,116,124,131,131,122,110,94.7,76,39.7,60.2,55.7,65.8,64,56.6,65.4,64.3,71.5,83.4,80.9,78.7,74.5,71.6
Malawi,47.7,42.1,43.8,48.3,43,43.4,47.5,59,65.2,67.6,73,71.1,77.9,77.5,76.4,94.7,103,121,102,91.5,84.8,77.2,97.1,90,178,166,103,84.9,143,159,159,154,84.1,98.2,100,88.4,22,19.7,18.8,18.7,14.9,15.4,22.6,29.2,28.3,28,34.1,35.2,33.6,32.5
Niger,4.89,6.01,7.4,6.88,9.22,11,12.6,13.4,34.9,30.8,35,48.8,49.4,55.2,69.5,87.5,76.5,76.1,76.1,69.5,49.7,46.1,45.4,70.8,79.2,70.7,65.1,70,64.8,68.6,77.5,67.2,67.3,64,53,44.9,16,19.1,13.3,17.3,19.9,25.7,19.5,20,18.9,23.4,24.9,27.7,25.2,28.3
Nigeria,6.93,11.3,9.55,12.6,7.84,6.22,3.77,8.82,14,13.3,14.6,7.03,8.46,18.2,24.5,25.7,41.6,57.7,60.3,71.9,65.4,71.9,64.7,121,105,81.5,64.3,54.5,58.5,50.3,52.9,48.3,40.3,42.3,35.2,17.9,5.6,5.87,5.12,6.95,5.48,5.42,4.91,5,5.21,6.73,8.69,11.9,13.3,12.7
Nicaragua,34,38.7,43.8,50,48.4,59.2,56.5,64.7,78.3,116,110,113,132,164,168,234,245,211,389,1230,1110,960,879,880,366,281,155,153,143,138,139,126,128,134,91,81.2,64,56.9,57,73.4,82.2,83.3,86.9,90.7,87.3,84.7,85.2,85.7,91.4,95.8
Nepal,0.439,1.04,1.2,2.07,2.26,2.16,3.4,7.24,6.99,7.87,10.4,12.2,14.7,18.4,17.9,22.5,26.1,33.3,33.4,38.4,44.7,44.9,52.7,54.6,56.9,54.7,52.9,49,54.9,60,52.1,45.5,49.6,50.8,46.4,39.1,37.3,34.6,29.2,29,23.5,20.1,20,20.7,19.6,19,20,19.5,18.8,21
Pakistan,34,35.6,43.2,71.1,57.1,50.7,50.5,48.2,43.8,42.2,38.9,34.8,35.3,37.8,35.9,40,43.4,47.4,42.5,44.1,49.5,50,50.5,47,52.2,49.5,47.3,48.6,52.4,54.8,40.8,40.8,42.3,38.8,33.2,28,26.8,27.3,28.7,32.8,34.3,29,26.5,24.1,24.1,23.2,24.7,26.8,28.2,34
Peru,46.1,42.5,40.4,38,40.2,38.4,50.7,65.3,82.4,62.5,55.1,42.2,52.1,70.6,74.7,83.4,106,90.5,131,89.7,81.8,62.2,58.5,70.3,61.6,60.5,54.1,52.5,56,59.5,57,54.2,53.1,53.1,50.1,41.4,36,34.2,30.9,33,30.8,28.3,34.1,33.3,35.4,36.7,37.8,33.6,31.6,29.7
Philippines,33.5,33.1,33.9,27.7,24.1,28.2,35.9,42,47.7,48.7,54.4,59.2,67.6,74.8,81.4,90.5,98.8,93.2,78.9,69.7,70.2,71.9,62,65.4,61.1,51.5,51.1,58.3,64.9,61.9,63.8,67.5,65,65.9,58.9,49.8,41.3,34.8,29.4,28.5,28.2,25.5,23.9,20.9,23.3,22.3,21.1,20.1,20.6,20.2
Papua New Guinea,33.4,59.7,60.7,43.2,37.2,39.4,35.6,42.1,30.4,27.2,28.9,49.1,72.4,77.2,82.1,90.5,77.1,75.9,64,67.9,83.8,75.7,95.2,72,54.8,57.3,53.4,56.1,77,83.3,70.4,72.3,66.9,59.5,49.7,41.3,23.3,17.3,13,16.4,45.4,77.3,73.9,111,89.6,95.6,93.7,77.2,77.7,76.7
Paraguay,,,,,,,,,,,,,,,,,,,,,,,,,,32.1,28,27.3,33.2,42.4,40.1,37.9,51.1,104,88.4,88.7,79,63.5,53.3,65.5,61.3,47.9,50.4,42.4,42.4,46.3,46.9,42.1,40.5,44.6
Russia,,,,,,,,,,,,,,,,,,,,,,,17.5,26.1,31.1,31.1,32.9,32.3,67.8,95.7,58,46.7,40.9,44.6,37,33.5,32.4,32.8,26,34.4,28.3,27.4,27.6,30.2,27.6,35.3,43,33.8,27.9,29.8
Rwanda,2.22,0.896,1.37,2.75,4.03,4.23,7.52,11.8,14.1,14.1,15.1,13.9,15.4,16.2,18.3,21.4,23.3,28.2,27.4,26,28,42.6,42.5,46.5,127,79.5,76.4,60.6,62.3,72.6,75,78.6,87.6,85.6,81.3,59.8,13.1,15.2,18,19.5,20.2,21.3,23.9,30,35.9,41.2,50.7,54,58.2,63.4
Sudan,15.9,15,15.8,15.9,25,28.9,30.2,30.3,41.5,45.6,69.8,64.2,79,93.3,91,74.6,63.1,57.6,77.8,92,130,156,251,199,144,138,196,144,155,158,138,119,114,103,90.3,70,58.1,46.5,41.5,46,38.8,39.1,43,41,34,29.3,41.4,49.6,89,122
Senegal,11.3,11.5,10.1,10.9,12.9,12.7,14.6,21.8,27.9,28,34,42.7,48.7,60.8,66.6,70.6,62.9,65.3,63.9,54.5,53.3,51.9,49.3,54.9,77.6,65,59.7,65.1,64.9,62.3,62.6,60.7,61.9,51.2,39.1,35.3,16.4,18.2,16.9,23.1,24.3,24.5,27.9,28,29,34,36.1,43.6,52.5,59.2
Solomon Islands,,,,,,,,,16.8,14.1,18,19.5,21.8,28.8,26.2,42.7,56.3,59.9,48.9,43.9,58.1,56.2,36.5,59,53.4,49.5,43.6,25,33.3,34.8,35.9,40.7,53.2,54.6,47.4,40.3,37.8,37.2,32.5,39.8,46.5,38.3,24.5,19.4,17.1,18.5,22.7,30.2,24.2,25.8
Sierra Leone,14.4,27,26.1,25.1,30.4,30.8,40.2,43.4,37.6,38.9,45.3,55.5,51,67.3,58.7,86,194,155,104,123,206,177,230,215,195,153,137,144,206,205,203,118,115,116,119,112,82.7,24.3,23.5,32.2,35.7,36.2,34,28.5,29.2,37.3,49.2,47.8,45.7,49.3
El Salvador,18.3,19.6,22.2,19.8,25.7,26.6,24.5,27.9,32.5,28.4,28.6,36.5,46.8,54.5,54.6,52.9,53.5,54.1,51.6,51.1,47.6,44.5,41.1,30.3,28.5,29.1,30.3,31.8,30.7,34.2,39.3,44.5,49.5,67.2,69,67.7,64.3,59.6,60.7,61,64.2,64.7,66,67.3,70.4,69.7,72.2,72.8,70.6,70.2
Somalia,22.7,24.1,23.1,23.4,32.7,26.1,30,64,72.8,77.8,89.2,136,146,179,190,188,196,196,199,200,269,,,,,,,,,,,,,,,,,,,,,,,,,,,,,
Serbia,,,,,,,,,,,,,,,,,,,,,,,,,,,,41.3,56.2,57,168,96.2,66.9,63.8,56.2,59.1,62,61.9,60,76,80.4,65.7,82,78,72.9,82.8,76.9,83.1,71.3,73.8
Sao Tome and Principe,,,,,,,,,,,,,,,,,,,,,,,,,,,,,,,,424,407,341,324,251,241,108,70.1,83.7,91.4,98.2,82.1,70.8,64.2,76.2,71.2,72.1,59.5,59.2
Eswatini,38,28,24.7,19.3,15.7,,,,,,,,,,,,,,,,21.8,21.2,17.4,16.2,17.2,14,13.5,22.1,18.4,20.8,18.8,21.2,28.3,20.7,16.4,15.2,13.9,14.1,14.4,15,16.6,12.7,9.55,9.31,8.95,8.93,13.4,15.6,11.9,16.3
Chad,7.45,9.31,6.2,7.37,11.6,16.4,17.8,22,25.1,30.8,27.4,29.7,26.5,26.5,21.3,21.1,24.9,30.2,26.9,28,29.9,32.9,34,48.6,66.9,58.4,59.3,62.6,59.1,72.4,80.4,65,66.2,67.5,44.4,29,28.3,24.8,20.7,21.1,20.9,19.7,19.4,23.5,27.9,27.3,30.6,34.5,31.8,32.1
Togo,16,16.8,14.3,17.7,22.6,27.4,39.4,56.8,102,127,102,109,122,127,118,129,105,103,91.8,89.5,80.1,86,81.2,107,156,117,103,91.5,94.1,100,99.1,98,95.5,83,82.7,75.1,77.6,74.8,49.7,51.6,37.7,15.3,19.4,21.4,22.3,25.7,27.1,34.9,32.4,36.4
Thailand,14.1,14.6,15.1,11.5,11.7,12.5,13.7,17,21.1,24.6,25.9,31.6,34,35,36.3,45.9,43.9,41,35.9,33,33.4,39,38.4,41.6,45.5,60.3,63.3,75.3,96,78.9,64.4,57.6,48.6,40,35.3,32.3,29.3,24.7,23.7,29.7,32.5,31.9,39.1,38.5,37.8,34.7,35.3,37.1,35.8,34.4
Tajikistan,,,,,,,,,,,,,,,,,,,,,,,0.51,23.2,44.1,53.2,71.8,117,95.5,130,138,113,106,85.7,57.8,42,30.7,28.5,37.6,44.8,51.1,47.2,47.4,43.8,45.4,54.8,63.8,72,68.3,70.2
Turkmenistan,,,,,,,,,,,,,,,,,,,,,,,,8.63,16.3,16.1,31.6,73.6,90.9,112,96.3,65.4,49.1,32.5,27,15.3,10.3,6.92,4.07,3.56,2.57,1.73,1.59,1.42,1.03,1.09,1.44,2.16,2.32,
Timor-Leste,,,,,,,,,,,,,,,,,,,,,,,,,,,,,,,,,,,,,,,,,,,1.77,2.16,3.13,4.18,3.62,5.46,7.03,8.36
Tonga,,,,,,,,,,,,,,,,39.1,40.2,42.4,33,35.4,46.1,33.4,31.4,31.7,28.9,31.1,28.4,27,33,39.1,36.7,39.6,43.8,45.7,40.6,34,30.6,31.5,27.8,35,40.3,44,40.7,43.2,43.8,41.9,43.2,44.2,40.9,
Tunisia,43.7,41.5,34.8,33.8,29.5,26.6,29.9,45.8,51.4,49.3,41.8,44.4,48.2,50.3,51.2,60.6,69.2,74,70.8,72.5,64.7,65.9,57.8,63.5,65.2,63,61.3,56.6,51.8,54,55.3,61.1,69.8,68.6,65.3,58.6,57.1,55.9,50.8,55.2,53.8,52.1,58.8,58.3,58.7,66.3,71.2,88.3,91.4,101
Turkey,16.1,20.3,17.5,16.4,13.1,11.4,11.8,19.6,23,18,28.3,27.6,31.3,33.8,36.9,39.6,44.6,48.1,46.4,39.7,33.4,34.5,36.3,38.7,52,44.4,45.2,45.3,35.5,40.3,43.4,57.8,55.4,47,40,35,38.6,38.8,38.4,43.8,39.3,37,39.1,41.4,43.9,47,47.9,54.3,58.7,59.4
Tanzania,,,,,,,,,,,,,,,,,,,122,138,158,137,151,165,166,144,114,94,61.7,62.7,54.3,49.1,50.9,48.6,52.5,46.6,22,23.3,21.8,26.7,28.3,29.5,29.8,29.4,29.8,33.2,33.6,35.1,32.9,31.8
Uganda,12.2,12.4,12.1,10.4,9.7,8.88,9.99,10.3,17.7,27.6,55.8,53.4,40.6,46,30.1,35.7,36.7,31.1,30.1,42.1,61.6,85.9,107,96.3,86.5,63.3,61.8,62.5,59.9,59.1,58.1,66.6,66.5,73.8,62,51,13.4,13.7,16.4,11.2,11.4,11.9,14.2,30.4,27.3,30.3,35.4,38.9,38.7,41.7
Ukraine,,,,,,,,,,,,,,,,,,,,,,,0.745,6.02,10.8,17.7,21.7,22.5,31.9,51.3,45.9,59.5,56.3,52.3,50,41.3,51.2,56.9,55.8,91.8,92.9,86.1,77.4,81.3,96.1,128,121,107,90.2,78.1
Uzbekistan,,,,,,,,,,,,,,,,,,,,,,,0.464,7.91,9.7,13.5,17.2,20.1,22.6,31.4,36.5,46.5,53.9,53.1,43.4,32.4,26.2,20,16.2,20.3,16.7,14.6,14.3,15.3,16,16.8,19,27.8,33.8,37
St. Vincent and the Grenadines,7.89,3.69,2.81,9.24,9.69,10.4,11.4,9.61,9.35,10.3,13,18.6,19.1,21.3,18.9,19,20.6,24.2,25.5,25.4,27.3,28.3,28.3,36.6,41,38.8,38,35.1,37.9,52.2,51.7,47.2,39.5,43.5,46.4,48.5,41.6,30.5,34.5,37.2,44.2,45.8,41.8,43.4,48.8,46.7,43.4,42.9,40.6,43.6
Venezuela,13.6,16.3,19.3,17.6,10.7,8.31,15.8,29.7,42.3,49.9,49.4,48.1,48.6,58.6,63.7,59.2,58.4,74.5,59.4,78.7,69.4,64.5,64.5,64.3,65.3,47.4,52,53.1,55.7,50.8,42.7,38.6,49.6,57.4,42.5,35.2,27.1,28,23.1,28.8,30,43.9,40.8,42.8,33.7,,,,,
Vietnam,,,,,,,,,,,,,,,,,,,,327,384,257,256,191,157,124,108,82.8,84.3,82.4,38.7,36.2,35.6,37,36.3,32.8,28.8,30.7,27.5,35.4,40.3,41.6,41.2,40,40.9,42.5,43.6,50.3,46.9,48.9
Vanuatu,,,,,,,,,,,,3.66,4.94,10.9,10.8,12.9,15.4,20.7,19.2,20.8,23.5,20.2,20.8,22.2,23.9,22.6,21.7,21.4,25.3,33.5,43.3,48.3,64,53.8,44.4,27.2,26.4,25.6,24.5,25.9,26.3,23.2,24.8,19.9,24.8,33.7,36.6,46.2,44,44.8
Samoa,,,,,,,,,,,,,69.7,77.2,93.6,111,103,96.6,81.1,86.9,103,129,,,,,,,,,,,55.3,53.6,45,39.3,35.1,35.2,35.8,45.6,50.5,51.9,57.6,60.2,61.9,56.6,53.5,55,54.1,50.2
Yemen,,,,,,,,,,,,,,,,,,,,,113,113,104,113,151,153,121,62.9,96.8,73.9,58,56.6,53.9,51,44.7,36.2,32.1,30.3,24.9,28.4,22.4,21.2,22.4,19.9,19,20.5,25.1,29.3,25.5,
South Africa,,,,,,,,,,,,,,,,,,,,,,,,,15.8,16.6,18,20.5,19.3,19.3,19.9,21.7,31.1,22.2,19,16.7,21.2,24.3,25.9,27.6,29.5,29.2,38.1,39.2,41.3,40.1,49.4,52.4,48.5,55.1
Zambia,45.8,52.4,51.8,49.2,41,69,75.8,98.4,97.8,100,91.8,95.9,97.6,126,152,223,416,337,203,182,230,232,234,215,199,195,208,164,207,184,169,158,165,144,130,69.7,19.5,21.8,17.9,24.5,22.5,22.3,22.8,23.4,34.6,56.5,75,70.3,71.5,120
Zimbabwe,12.5,11.1,8.28,6.65,5.53,4.34,3.39,4.65,10.4,11,12,16,22.5,29.1,35.2,44.1,43.9,44.7,36.1,35.4,39,42.2,64.4,68.3,69.2,74.9,61.7,61.1,77.9,68,62,58,66.8,85.1,91.2,82.9,97.7,118,147,73.4,63.8,61.1,59.7,48.9,47.4,53.8,61.2,62.5,55.7,61.9
